Rafael,Nadal
Roger,Federer
Grigor,Dimitrov
Alexander,Zverev
Dominic,Thiem
Marin,Cilic
David,Goffin
Jack,Sock
Pablo,Carreno Busta
Juan Martin,Del Potro
Novak,Djokovic
Sam,Querrey
Kevin,Anderson
Jo-Wilfried,Tsonga
Andy,Murray
John,Isner
Lucas,Pouille
Tomas,Berdych
Roberto,Bautista Agut
Nick,Kyrgios
Kei,Nishikori
Albert,Ramos Vinolas
Milos,Raonic
Gilles,Muller
Diego,Schwartzman
Fabio,Fognini
Adrian,Mannarino
Philip,Kohlschreiber
Damir,Dzumhur
Richard,Gasquet
Pablo,Cuevas
Mischa,Zverev
Filip,Krajinovic
Fernando,Verdasco
Feliciano,Lopez
David,Ferrer
Alexandr,Dolgopolov
Andrey,Rublev
Yuichi,Sugita
Benoit,Paire
Paolo,Lorenzi
Robin,Haase
Steve,Johnson
Karen,Khachanov
Gaël,Monfils
Ryan,Harrison
Borna,Coric
Aljaz,Bedene
Kyle,Edmund
Denis,Shapovalov
Leonardo,Mayer
Jan Lennard,Struff
Jared,Donaldson
Viktor,Troicki
Julien,Benneteau
Joao,Sousa
Hyeon,Chung
Nikoloz,Basilashvili
Peter,Gojowczyk
Donald,Young
Jiri,Vesely
Denis,Istomin
Guido,Pella
Daniil,Medvedev
Horacio,Zeballos
Dudi,Sela
Federico,Delbonis
Florian,Mayer
Guillermo,Garcia Lopez
Yen Hsun,Lu
Evgeny,Donskoy
Thomas,Fabbiano
Mikhail,Kukushkin
Dusan,Lajovic
Matthew,Ebden
Steve,Darcis
Jérémy,Chardy
Frances,Tiafoe
Ivo,Karlovic
Pierre Hugues,Herbert
Cedrik Marcel,Stebe
Victor,Estrella Burgos
Mikhail,Youzhny
Marton,Fucsovics
Andreas,Seppi
Radu,Albot
Laslo,Djere
Gilles,Simon
Maximilian,Marterer
Stefanos,Tsitsipas
Lukas,Lacko
Marius,Copil
Jordan,Thompson
Nicolas,Kicker
Tennys,Sandgren
Blaz,Kavcic
Malek,Jaziri
Taro,Daniel
Gerald,Melzer
Rogerio,Dutra Silva
Marcos,Baghdatis
Nicolas,Mahut
Taylor,Fritz
Janko,Tipsarevic
Roberto,Carballes Baena
Andrey,Kuznetsov
Vasek,Pospisil
Marco,Cecchinato
Bjorn,Fratangelo
Carlos,Berlocq
Thomaz,Bellucci
Nicolas,Jarry
Cameron,Norrie
Gastao,Elias
Alexander,Bublik
Ruben,Bemelmans
Yuki,Bhambri
Yannick,Hanfmann
Ernesto,Escobedo
Renzo,Olivo
John,Millman
Andreas,Haider Maurer
Jason,Kubler
Alex,Bolt
Yoshihito,Nishioka
Corentin,Moutet
Ricardas,Berankis
Stan,Wawrinka
Tim,Smyczek
Alexei,Popyrin
Thanasi,Kokkinakis
Alex,De Minaur
Soonwoo,Kwon
Casper,Ruud
Quentin,Halys
Salvatore,Caruso
Dustin,Brown
Dennis,Novak
Mackenzie,McDonald
Elias,Ymer
Kevin,King
Denis,Kudla
Vaclav,Safranek
Matteo,Berrettini
Jaume,Munar
Matthias,Bachinger
Lorenzo,Sonego
Peter,Polansky
Nicolas,Almagro
Guido,Andreozzi
Pablo,Andujar
Juan Cruz,Aragone
Marcos,Baghdatis
Facundo,Bagnis
Brian,Baker
Grégoire,Barrère
Matthew,Barton
Mirza,Basic
Benjamin,Becker
Michael,Berrer
Geoffrey,Blancaneaux
Simone,Bolelli
Benjamin,Bonzi
Mathias,Bourgue
Daniel,Brands
Liam,Broady
Inigo,Cervantes
Marco,Chiudinelli
Guilherme,Clezar
Frank,Dancevic
Thiemo,De Bakker
Artur,De Greef
Kenny,De Schepper
Steven,Diez
Ivan,Dodig
James,Duckworth
Christopher,Eubanks
Daniel,Evans
Teimuraz,Gabashvili
Federico,Gaio
Christian,Garin
Alessandro,Giannessi
Daniel,Gimeno Traver
Santiago,Giraldo
Norbert,Gombos
Emilio,Gomez
Alejandro,Gonzalez
Marcel,Granollers
Sam,Groth
Ernests,Gulbis
Tommy,Haas
Maxime,Hamou
Christian,Harrison
Lleyton,Hewitt
Marsel,Ilhan
Tatsuma,Ito
Ilya,Ivashka
Jerzy,Janowicz
Omar,Jasika
Tobias,Kamke
Darian,King
Evan,King
Brydan,Klein
Martin,Klizan
Josef,Kovalik
Stefan,Kozlov
Austin,Krajicek
Konstantin,Kravchuk
Mitchell,Krueger
Alexander,Kudryavtsev
Thai Son,Kwiatkowski
Patrick,Kypson
Henri,Laaksonen
Tristan,Lamasine
Zhe,Li
Gianluca,Mager
Illya,Marchenko
Andrej,Martin
Paul Henri,Mathieu
Jurgen,Melzer
Adrian,Menendez Maceiras
Vincent,Millot
Michael,Mmoh
Juan,Monaco
Albert,Montanes
Thiago,Monteiro
Blake,Mott
Alexandre,Muller
Daniel,Munoz
Saketh,Myneni
Stefano,Napolitano
Dennis,Novikov
Christopher,O'Connell
Sebastian,Ofner
Albano,Olivetti
Reilly,Opelka
Tommy,Paul
Adam,Pavlasek
Rajeev,Ram
Ramkumar,Ramanathan
Albert,Ramos
Stéphane,Robert
Tommy,Robredo
Edouard,Roger Vasselin
Lukas,Rosol
Noah,Rubin
Jordi,Samper Montana
Alexander,Sarkissian
Jan,Satral
Luke,Saville
Brayden,Schnur
Igor,Sijsling
Franko,Skugor
John Patrick,Smith
Go,Soeda
Sergiy,Stakhovsky
Radek,Stepanek
Bernard,Tomic
Stefano,Travaglia
Marco,Trungelliti
Dmitry,Tursunov
Adrian,Ungur
Luca,Vanni
Filippo,Volandri
James,Ward
Alexander,Ward
Andrew,Whittington
Marcus,Willis
Di,Wu
Yibing,Wu
Mikael,Ymer
Ze,Zhang
